"id.exposure","id.outcome","exposure","outcome","snp_r2.exposure","snp_r2.outcome","correct_causal_direction","steiger_pval"
"mi3Swi","VClRpB","CA2","FinnGen_R12_DKD",0.0618574225792095,0.000499475200560866,TRUE,NA
"Fkeifk","VClRpB","XAF1","FinnGen_R12_DKD",0.0110531079404193,0.000177372840752578,TRUE,NA
"ULIkpM","VClRpB","ALDH2","FinnGen_R12_DKD",0.0784873961390224,0.000432987870740766,TRUE,NA
"VxdvSa","VClRpB","FN1","FinnGen_R12_DKD",0.0139450715265476,8.29231792752665e-05,TRUE,NA
"p7jH9J","VClRpB","VNN2","FinnGen_R12_DKD",0.0612761048470315,0.000206039789026519,TRUE,NA
"SXWrRL","VClRpB","IFI44L","FinnGen_R12_DKD",0.0225709162937226,0.00033873632455134,TRUE,NA
"bheArY","VClRpB","CREB5","FinnGen_R12_DKD",0.0766996760360244,0.000213376680130637,TRUE,NA
"BAm7Zx","VClRpB","CDKN1B","FinnGen_R12_DKD",0.00966452157297269,0.000182225611735994,TRUE,NA
"obc8mT","VClRpB","TSPYL5","FinnGen_R12_DKD",0.0350373272428999,0.000171333754835181,TRUE,NA
"n3Lf59","VClRpB","SYTL2","FinnGen_R12_DKD",0.0549511471009794,0.000191021760395786,TRUE,NA
